gene	idE	type	paths	alt_paths	path_species	alt_path_species	path_values	alt_path_values	tr_path	tr_alt_path
PAX6	8_0	I	2_1,8_0,12_0	2_1,12_0	gorilla_gorilla,rattus_norvegicus,sus_scrofa,mus_musculus	gorilla_gorilla,mus_musculus	[1.6643435967825334e-05, 2.7660518038052855e-06, 2.9427837545265544e-06, 1.9336069880346497e-05]	[4.189064409248957e-07, 8.778100884639728e-07]	ENSBTAT00000005994,ENSBTAT00000080697,ENST00000241001/ENST00000379109/ENST00000638914/ENST00000639916/ENST00000640610/ENST00000643871,ENST00000419022/ENST00000638903/ENST00000639409/ENST00000640975/ENST00000645710,ENST00000638629,ENSGGOT00000024041,ENSGGOT00000057402,ENSGGOT00000068490,ENSMMUT00000023620,ENSMODT00000035985,ENSMUST00000090391/ENSMUST00000111086,ENSMUST00000111082/ENSMUST00000111087,ENSOANT00000023862,ENSRNOT00000005882/ENSRNOT00000006302,ENSRNOT00000089525,ENSSSCT00000014546,ENSSSCT00000054342,ENSSSCT00000055747	
PAX6	8_0	I	2_1,8_0,1_0	2_1,1_0	gorilla_gorilla,mus_musculus	gorilla_gorilla,mus_musculus	[1.6643435967825334e-05, 1.9336069880346497e-05]	[4.1890644092489575e-07, 8.778100884639728e-07]		ENSGGOT00000010287,ENSGGOT00000054407,ENSGGOT00000062474,ENSMUST00000111088
PAX6	5_1	I	9_1,5_1,3_0	9_1,3_0	mus_musculus,monodelphis_domestica,bos_taurus,gorilla_gorilla,sus_scrofa,homo_sapiens,rattus_norvegicus	gorilla_gorilla,sus_scrofa,mus_musculus,monodelphis_domestica,homo_sapiens,bos_taurus,rattus_norvegicus	[3.516166103570996e-06, 4.907393411402814e-06, 1.3427189871533763e-06, 6.325963749814103e-06, 5.254989881028508e-07, 6.169953466601926e-06, 9.46198928092056e-07]	[1.0328188268735339e-05, 1.7303658937830451e-06, 1.0898673549547447e-05, 5.6114316429206185e-06, 1.7711315863390287e-05, 2.534090578502049e-06, 1.5748880048148737e-06]	ENSBTAT00000080697,ENST00000419022/ENST00000638903/ENST00000639409/ENST00000640975/ENST00000645710,ENSGGOT00000024041,ENSMMUT00000023620,ENSMODT00000035985,ENSMUST00000090391/ENSMUST00000111086,ENSSSCT00000014546,ENSSSCT00000055747	ENSBTAT00000005994,ENST00000241001/ENST00000379109/ENST00000638914/ENST00000639916/ENST00000640610/ENST00000643871,ENSGGOT00000010287,ENSGGOT00000068490,ENSMUST00000111082/ENSMUST00000111087,ENSRNOT00000005882/ENSRNOT00000006302,ENSSSCT00000054342
