gene	idE	type	paths	alt_paths	path_species	alt_path_species	path_values	alt_path_values	tr_path	tr_alt_path
TPM4	3_1	I	5_0,3_1,8_0	5_0,8_0	mus_musculus,monodelphis_domestica,xenopus_tropicalis,bos_taurus,gorilla_gorilla,sus_scrofa,homo_sapiens,rattus_norvegicus	mus_musculus,homo_sapiens,xenopus_tropicalis,bos_taurus,rattus_norvegicus	[0.0009201768621945763, 0.0001440702752304457, 0.003738249030413722, 0.0003549348939034865, 6.0202516164125456e-05, 9.628549027671093e-05, 0.0028742494039290575, 0.0003496892521540593]	[8.311874461604023e-07, 3.956557422354801e-07, 7.147040987357688e-07, 1.6392410328877885e-07, 5.638115171838059e-07]	ENSBTAT00000005982,ENSBTAT00000068098,ENST00000300933/ENST00000643579,ENST00000642221,ENST00000646974,ENSGGOT00000043771,ENSGGOT00000048330,ENSMMUT00000062072,ENSMMUT00000069380,ENSMMUT00000072667,ENSMODT00000018947,ENSMUST00000003575,ENSOANT00000008543,ENSRNOT00000021073,ENSSSCT00000015127/ENSSSCT00000038285,ENSXETT00000019155,ENSXETT00000019156	
