gene	idE	type	paths	alt_paths	path_species	alt_path_species	path_values	alt_path_values	tr_path	tr_alt_path
YES	8_0	I	1_2,8_0,8_1,10_0	1_2,10_0	rattus_norvegicus,sus_scrofa,mus_musculus	rattus_norvegicus,mus_musculus	[1.9143007054952318e-05, 1.1045486433135844e-05, 6.70124140237019e-05]	[1.310902587908115e-07, 1.3336155606390806e-07]	ENSMMUT00000005754,ENSMMUT00000059744,ENSMUST00000072311/ENSMUST00000168707/ENSMUST00000202543,ENSRNOT00000056250,ENSRNOT00000056251,ENSRNOT00000086534,ENSSSCT00000042627	
