gene	idE	type	paths	alt_paths	path_species	alt_path_species	path_values	alt_path_values	tr_path	tr_alt_path
MYL9	1_2	I	1_1,1_2,1_3,1_4	1_1,1_4	mus_musculus,monodelphis_domestica,xenopus_tropicalis,bos_taurus,gorilla_gorilla,sus_scrofa,ornithorhynchus_anatinus,homo_sapiens,rattus_norvegicus	gorilla_gorilla,sus_scrofa,mus_musculus,homo_sapiens,bos_taurus	[0.0003771640631616191, 0, 0.001089925049073033, 0.0025580508314977696, 0.00015400464015084668, 0.00015118887925865112, 0.0003095927210635339, 0.0037146290483142767, 0.0003422631128463241]	[1.0294481895501058e-06, 2.910729668931788e-07, 1.2376982623947422e-07, 3.968122084520373e-05, 1.0679118091998784e-07]	ENSBTAT00000015248/ENSBTAT00000068920,ENST00000279022,ENSGGOT00000030004,ENSMMUT00000065419,ENSMODT00000033431,ENSMUST00000088552,ENSOANT00000007840,ENSRNOT00000027445,ENSSSCT00000038183,ENSXETT00000041006,C56G7.1	ENST00000346786,ENSGGOT00000049150
