gene	idE	type	paths	alt_paths	path_species	alt_path_species	path_values	alt_path_values	tr_path	tr_alt_path
PTPRC	4_2	I	4_0,4_2,4_3,4_4,17_0	4_0,17_0	gorilla_gorilla,homo_sapiens	gorilla_gorilla,homo_sapiens	[3.6739001563988666e-07, 1.7987103331175816e-05]	[5.473369426815419e-07, 4.4512715053184026e-05]	ENST00000442510,ENSGGOT00000032261	
PTPRC	4_2	I	4_0,4_2,4_3,4_4,17_0,30_1	4_0,30_1	gorilla_gorilla,homo_sapiens	gorilla_gorilla,homo_sapiens	[3.968652499442257e-07, 1.9656700558720185e-05]	[1.1446234932534774e-06, 4.746922902821036e-05]		ENST00000348564,ENSGGOT00000057617
PTPRC	4_2	I	4_0,4_2,4_3,4_4,17_0,7_0,30_1	4_0,30_1	gorilla_gorilla,homo_sapiens	gorilla_gorilla,homo_sapiens	[2.578557674371593e-07, 2.2364798168046608e-05]	[1.1446234932534774e-06, 4.746922902821036e-05]	ENST00000442510,ENSGGOT00000032261	ENST00000348564,ENSGGOT00000057617
PTPRC	7_0	I	17_0,7_0,30_1	17_0,30_1	gorilla_gorilla,homo_sapiens	gorilla_gorilla,homo_sapiens	[1.4832151923443198e-07, 2.6742493004917403e-05]	[4.5581571855290366e-07, 2.2995895013808925e-05]	ENST00000442510,ENSGGOT00000032261,ENSGGOT00000051872,ENSMMUT00000000014,ENSRNOT00000064785	ENSMMUT00000070243,ENSMUST00000182283,ENSRNOT00000029878
PTPRC	17_0	I	4_0,17_0,7_0,30_1	4_0,30_1	gorilla_gorilla,homo_sapiens	gorilla_gorilla,homo_sapiens	[2.813266603834686e-07, 3.2665900354339606e-05]	[1.1446234932534774e-06, 4.746922902821036e-05]		ENST00000348564,ENSGGOT00000057617
PTPRC	17_0	I	4_0,17_0,30_1	4_0,30_1	gorilla_gorilla,homo_sapiens	gorilla_gorilla,homo_sapiens	[5.015763306172227e-07, 3.375430503349648e-05]	[1.1446234932534774e-06, 4.746922902821036e-05]		ENST00000348564,ENSGGOT00000057617
