gene	idE	type	paths	alt_paths	path_species	alt_path_species	path_values	alt_path_values	tr_path	tr_alt_path
FYN	4_2	I	6_0,4_2,3_0	6_0,3_0	rattus_norvegicus,mus_musculus	rattus_norvegicus,bos_taurus,mus_musculus	[2.311364197824888e-05, 9.371566156505889e-05]	[1.1175358950832402e-06, 5.176556424203265e-07, 2.994533493911884e-06]	ENST00000538466,ENSGGOT00000058303,ENSMUST00000063091/ENSMUST00000126486/ENSMUST00000135242/ENSMUST00000146287,ENSRNOT00000076859,ENSSSCT00000004886,ENSXETT00000046165	ENST00000229471,ENSGGOT00000066800,ENSRNOT00000085987,ENSSSCT00000034742
FYN	4_2	E	6_0,4_2,3_0	6_0,4_0,4_1,3_0	rattus_norvegicus,mus_musculus	rattus_norvegicus,bos_taurus,mus_musculus	[2.311364197824888e-05, 9.371566156505889e-05]	[4.7499344500743945e-05, 5.161298894513776e-05, 0.0001375319030053733]	ENST00000538466,ENSGGOT00000058303,ENSMUST00000063091/ENSMUST00000126486/ENSMUST00000135242/ENSMUST00000146287,ENSRNOT00000076859,ENSSSCT00000004886,ENSXETT00000046165	ENSBTAT00000015730,ENST00000354650,ENSGGOT00000008104/ENSGGOT00000056056,ENSMMUT00000039959,ENSMODT00000022711,ENSMUST00000099967,ENSOANT00000019265,ENSRNOT00000000733,ENSSSCT00000004884/ENSSSCT00000004885/ENSSSCT00000034071
FYN	4_0	I	6_0,4_0,4_1,3_0	6_0,3_0	rattus_norvegicus,bos_taurus,mus_musculus	rattus_norvegicus,bos_taurus,mus_musculus	[4.7499344500743945e-05, 5.161298894513776e-05, 0.0001375319030053733]	[1.1175358950832402e-06, 5.176556424203265e-07, 2.994533493911884e-06]	ENSBTAT00000015730,ENST00000354650,ENSGGOT00000008104/ENSGGOT00000056056,ENSMMUT00000039959,ENSMODT00000022711,ENSMUST00000099967,ENSOANT00000019265,ENSRNOT00000000733,ENSSSCT00000004884/ENSSSCT00000004885/ENSSSCT00000034071	ENST00000229471,ENSGGOT00000066800,ENSRNOT00000085987,ENSSSCT00000034742
FYN	4_0	E	6_0,4_0,4_1,3_0	6_0,4_2,3_0	rattus_norvegicus,bos_taurus,mus_musculus	rattus_norvegicus,mus_musculus	[4.7499344500743945e-05, 5.161298894513776e-05, 0.0001375319030053733]	[2.311364197824888e-05, 9.371566156505889e-05]	ENSBTAT00000015730,ENST00000354650,ENSGGOT00000008104/ENSGGOT00000056056,ENSMMUT00000039959,ENSMODT00000022711,ENSMUST00000099967,ENSOANT00000019265,ENSRNOT00000000733,ENSSSCT00000004884/ENSSSCT00000004885/ENSSSCT00000034071	ENST00000538466,ENSGGOT00000058303,ENSMUST00000063091/ENSMUST00000126486/ENSMUST00000135242/ENSMUST00000146287,ENSRNOT00000076859,ENSSSCT00000004886,ENSXETT00000046165
