gene	idE	type	paths	alt_paths	path_species	alt_path_species	path_values	alt_path_values	tr_path	tr_alt_path
GRIN2B	9_0	I	4_0,9_0,7_1	4_0,7_1	xenopus_tropicalis,bos_taurus,gorilla_gorilla,sus_scrofa,homo_sapiens,rattus_norvegicus	homo_sapiens,rattus_norvegicus	[1.7933773194165344e-06, 2.0830437127116436e-06, 4.793199897120832e-07, 5.21396566925835e-07, 3.10435327310335e-06, 7.782201123364122e-06]	[5.341574352126159e-07, 1.0877683243386848e-07]	ENSBTAT00000000263,ENST00000609686,ENSGGOT00000010012,ENSMMUT00000026857,ENSRNOT00000011697,ENSSSCT00000000660/ENSSSCT00000061900,ENSXETT00000017534	
