gene	idE	type	paths	alt_paths	path_species	alt_path_species	path_values	alt_path_values	tr_path	tr_alt_path
MYL6	3_0	I	1_3,3_0,3_1,3_2,3_3,3_4,2_0	1_3,2_0	homo_sapiens,sus_scrofa	homo_sapiens,sus_scrofa	[0.00678413129064042, 0.0006643565759997062]	[7.769705538844907e-05, 2.347829950835921e-06]	ENSBTAT00000014304,ENSBTAT00000014306,ENST00000293422,ENST00000348108,ENST00000536128,ENST00000547408,ENST00000547649,ENST00000548293/ENST00000550697,ENST00000551589,ENSMUST00000164181,ENSMUST00000217733,ENSMUST00000217776/ENSMUST00000219236,ENSMUST00000218127,ENSRNOT00000082518,ENSRNOT00000085644,ENSRNOT00000089074,ENSSSCT00000000408,ENSSSCT00000000409	ENST00000548580,ENST00000549566
