Species	path	adipose tissue	adrenal gland	adrenal tissue	adult mammalian kidney	brain	cerebellum	colon	female gonad	frontal cortex	heart	heart left ventricle	intestine	kidney	leukocyte	liver	lung	lymph node	multi-cellular organism	muscle of leg	placenta	prefrontal cortex	prostate gland	skeletal muscle tissue	stomach	temporal lobe	testis	thoracic mammary gland	thyroid gland
homo_sapiens	1_3,3_0,3_1,3_2,3_3,3_4,2_0	5.8695410929800915e-05	8.178948146436904e-05	4.8482187805072574e-05	6.355880525512653e-05	1.6626900583843153e-05	2.2045839690505062e-05	0.00013156487556900662	5.6188474052746444e-05	1.4861022119027676e-05	2.8628241061843987e-05	0.00010166502139094259	4.947541582822884e-05	3.691091723008288e-05	4.250887521216079e-05	1.9174433522518532e-05	8.302302661752853e-05	4.973286675863383e-05	3.1575654579082285e-05	5.1337811326919535e-06	9.355622936565746e-05	2.941749553476586e-05	0.00013147952599983475	3.669922821473315e-06	9.678882134430708e-05	1.3567513684736988e-05	3.4123760249435866e-05	6.546622613549977e-05	3.915200460231796e-05
sus_scrofa	1_3,3_0,3_1,3_2,3_3,3_4,2_0				0.00010244411252221049						3.235519121613989e-05			9.705013327573354e-05		1.630640720019995e-05	0.00018341272989462175					2.383905226072355e-05							
homo_sapiens	1_3,2_0	5.623767555622531e-07	2.1886588174802506e-06	3.220144150544779e-07	7.437226291745067e-07	3.2853105309676483e-07	3.9487416269616415e-07	1.1908414220893603e-06	1.1791192236514319e-06	1.5894886031741337e-07	2.4238862514314786e-07	1.8948422868874666e-06	3.888219446286761e-07	3.651307872109481e-07	1.2941918258405056e-06	2.631907922393394e-07	1.1155970940003045e-06	4.96172347469998e-07	9.699462628941008e-07	8.75475637715283e-08	6.032522656519719e-07	2.029388139167968e-07	4.933356832505417e-07		3.73519879261575e-07	4.341604379115842e-07	6.476714734972372e-07	1.4351231675239023e-06	7.444129056494008e-07
sus_scrofa	1_3,2_0				0.0						7.496375877082225e-08			8.794756073922387e-08		0.0	2.1023341738529062e-06					8.258445747296845e-08							
