gene	idE	type	paths	alt_paths	path_species	alt_path_species	path_values	alt_path_values	tr_path	tr_alt_path
MYO1F	23_0	I	24_0,23_0,6_0	24_0,6_0	mus_musculus,monodelphis_domestica,xenopus_tropicalis,bos_taurus,gorilla_gorilla,sus_scrofa,homo_sapiens,rattus_norvegicus	homo_sapiens,sus_scrofa	[4.1878001637396186e-05, 2.9343318589586797e-06, 9.818239607335238e-06, 2.3402033991371855e-05, 2.5256651615904704e-06, 5.945051603051627e-06, 5.2066508032031515e-05, 2.6570236510622242e-05]	[1.65501706235828e-06, 1.9112128853208245e-07]	ENSBTAT00000010081,ENSDART00000148304,ENST00000338257/ENST00000644032,ENSGGOT00000026547,ENSMMUT00000019992/ENSMMUT00000019995/ENSMMUT00000065830,ENSMODT00000004512,ENSMUST00000087605,ENSRNOT00000011513,ENSSSCT00000014859,ENSXETT00000020998	
