gene	idE	type	paths	alt_paths	path_species	alt_path_species	path_values	alt_path_values	tr_path	tr_alt_path
KIF1C	4_0	I	19_0,4_0,5_0	19_0,5_0	mus_musculus,bos_taurus,gorilla_gorilla,homo_sapiens,rattus_norvegicus	homo_sapiens,mus_musculus	[0.000708872246613279, 0.0003688239564129033, 4.944757994957116e-05, 0.002970682847136137, 0.00036423574526725874]	[2.044360130414129e-07, 6.585500509167077e-07]	ENSBTAT00000001780,ENSBTAT00000081136,ENSBTAT00000086224,ENST00000320785,ENSGGOT00000009255,ENSGGOT00000043507,ENSGGOT00000068478,ENSMMUT00000015886,ENSMMUT00000063709,ENSMUST00000072187,ENSMUST00000094499,ENSRNOT00000041493,ENSSSCT00000019480	
