gene	idE	type	paths	alt_paths	path_species	alt_path_species	path_values	alt_path_values	tr_path	tr_alt_path
MYO1G	20_1	I	10_0,20_1,27_0	10_0,27_0	mus_musculus,monodelphis_domestica,bos_taurus,gorilla_gorilla,sus_scrofa,homo_sapiens,rattus_norvegicus	rattus_norvegicus,mus_musculus	[0.00012096543420317589, 2.447478041930311e-06, 1.20141240552184e-05, 2.380110718726482e-06, 6.746495003227628e-06, 2.3012996017959172e-05, 4.345101119228372e-05]	[1.3711478965132643e-07, 1.1652115662033674e-06]	ENSBTAT00000008366,ENSBTAT00000071978,ENSBTAT00000082351,ENSDART00000142774,ENSDART00000174772,ENST00000258787,ENST00000648014,ENSGGOT00000010944,ENSMMUT00000012462,ENSMMUT00000012464,ENSMODT00000029345,ENSMUST00000003459,ENSRNOT00000092021,ENSSSCT00000018224,ENSSSCT00000062512,ENSSSCT00000063638	
MYO1G	18_0	I	1_2,18_0,26_0	1_2,26_0	mus_musculus,monodelphis_domestica,bos_taurus,gorilla_gorilla,sus_scrofa,homo_sapiens,rattus_norvegicus	homo_sapiens,bos_taurus,mus_musculus	[9.056160211185056e-05, 5.979066424432311e-07, 1.9732135787790876e-05, 2.0769817872819585e-06, 3.329501127789537e-06, 3.172849841379748e-05, 2.4945076424694358e-05]	[2.228737920662365e-07, 2.4760187975742e-07, 9.739110689555229e-07]	ENSBTAT00000008366,ENSBTAT00000071978,ENSDART00000142774,ENSDART00000174772,ENST00000258787,ENST00000648014,ENSGGOT00000010944,ENSMMUT00000012462,ENSMMUT00000012464,ENSMODT00000029345,ENSMUST00000003459,ENSRNOT00000092021,ENSSSCT00000018224,ENSSSCT00000062512	ENSBTAT00000082351
