gene	idE	type	paths	alt_paths	path_species	alt_path_species	path_values	alt_path_values	tr_path	tr_alt_path
MYO1D	2_0	I	18_0,2_0,2_1,2_2,21_0	18_0,21_0	monodelphis_domestica,sus_scrofa,bos_taurus	xenopus_tropicalis,sus_scrofa	[8.805386431670093e-06, 1.118062150224137e-05, 4.589925338963083e-05]	[2.7952090267262065e-07, 1.7589512147844774e-07]	ENSBTAT00000020634,ENSBTAT00000077630,ENSMODT00000024359,ENSSSCT00000019295,ENSSSCT00000048990	
MYO1D	23_0	I	24_1,23_0,12_0	24_1,12_0	mus_musculus,monodelphis_domestica,xenopus_tropicalis,bos_taurus,gorilla_gorilla,sus_scrofa,homo_sapiens,rattus_norvegicus	xenopus_tropicalis,bos_taurus	[9.847537558156625e-05, 1.0421370596923372e-05, 6.739734668009821e-05, 3.305959045739403e-05, 2.298453512121114e-06, 1.0879379906275382e-05, 8.284467654854732e-05, 4.301181628580672e-05]	[1.3264356127883245e-07, 1.594067071596532e-07]	ENSBTAT00000020634,ENSBTAT00000077630,ENSDART00000067762,ENST00000318217,ENST00000579584,ENSGGOT00000000278,ENSGGOT00000044716,ENSGGOT00000054087,ENSGGOT00000057322,ENSMMUT00000057969,ENSMODT00000024359,ENSMUST00000070997,ENSRNOT00000004609,ENSSSCT00000019295,ENSSSCT00000048990,ENSXETT00000006960	
